Id,Name,Surname,Education,City,Age,Gender,JoiningYear,PaymentTier,EverBenched,ExperienceInCurrentDomain,Email,Password
0,Malina,Alva,PHD,Pune,32,Female,2013,2,0,1,Malina.Alva@gmail.com,fas932f23
1,Merrie,O'Carroll,Masters,Bangalore,51,Female,2014,1,1,1,Merrie.O'Carroll@gmail.com,f3242323
2,Gavrielle,Aurelio,PHD,Bangalore,37,Male,2017,3,1,3,Gavrielle.Aurelio@gmail.com,aavrw9
3,Lauryn,Quinn,Bachelor,Pune,36,Female,2018,2,1,6,Lauryn.Quinn@gmail.com,934813f
4,Nessie,Eachern,PHD,Pune,59,Female,2016,3,0,2,Nessie.Eachern@gmail.com,dsfakela
5,Phedra,Candy,Bachelor,New Delhi,49,Male,2012,2,1,7,Phedra.Candy@gmail.com,adbde1234
6,Theodora,Lamoree,Bachelor,New Delhi,57,Female,2012,2,1,2,Theodora.Lamoree@gmail.com,laien3
7,Chere,Hepsibah,Bachelor,Pune,57,Male,2012,3,0,7,Chere.Hepsibah@gmail.com,asfdl03
8,Wilma,Leifeste,PHD,New Delhi,59,Female,2016,2,0,2,Wilma.Leifeste@gmail.com,dkafkw
9,Ernesta,Gualtiero,PHD,New Delhi,36,Female,2012,2,1,1,Ernesta.Gualtiero@gmail.com,aldl32
10,Jennica,Bonucci,PHD,New Delhi,27,Female,2014,2,0,2,Jennica.Bonucci@gmail.com,zclwe1
11,Mildrid,Rossner,Bachelor,Pune,21,Male,2015,1,1,3,Mildrid.Rossner@gmail.com,232lasdfv
12,Ilse,Ethban,Bachelor,Bangalore,51,Male,2017,1,0,1,Ilse.Ethban@gmail.com,adlf323
13,Trudie,Ehrman,PHD,New Delhi,52,Female,2018,2,1,4,Trudie.Ehrman@gmail.com,lenvi23
14,Jacquetta,Shaddock,PHD,New Delhi,42,Female,2015,2,1,2,Jacquetta.Shaddock@gmail.com,allnv32
15,Nadine,Japeth,PHD,Pune,28,Female,2014,3,1,7,Nadine.Japeth@gmail.com,laiicked1
16,Nita,Nadia,PHD,Bangalore,51,Female,2018,3,0,0,Nita.Nadia@gmail.com,vnead21323
17,Olivette,Bobbee,Bachelor,Pune,36,Female,2015,2,0,3,Olivette.Bobbee@gmail.com,mndume
18,Nariko,Brotherson,Masters,Bangalore,31,Male,2015,2,0,7,Nariko.Brotherson@gmail.com,lcdwf23
19,Dale,Juliet,Bachelor,Bangalore,34,Male,2015,3,0,3,Dale.Juliet@gmail.com,cvsfwk1221